feature,coefficient
feature_A_used,0.8212846580430639
feature_B_used,0.4726204196798611
support_tickets,-0.06039021477092903
sessions,0.012829164359278377
